{
	"1" : {
		"title" : "Stationery Mock-up",
		"description" : "<p>Clean and bright mock-up to showcase your projects in a very realistic and professional way.</p> <p>The best way to present your design and impress your client.</p>",
		"client" : "New Level",
		"url" : "",
		"photos" : ["images/portfolio/img/1.jpg","images/portfolio/img/2.jpg","images/portfolio/img/3.jpg","images/portfolio/img/4.jpg","images/portfolio/img/5.jpg"]
	},
	"2" : {
		"title" : "Innovative Eco-design",
		"description" : "<p>Bright eco-design to showcase your projects in a very realistic and professional way.</p><p>The best way to present your design and impress your client.</p>",
		"client" : "Georg Shnider",
		"url" : "",
		"photos" : ["images/portfolio/img/2.jpg","images/portfolio/img/3.jpg","images/portfolio/img/4.jpg","images/portfolio/img/5.jpg","images/portfolio/img/6.jpg"]
	},
	"3" : {
		"title" : "Wonder Wharf Website",
		"description" : "<p>While developing the website, we focused on profitable presentation of company services, which are clearly displayed in the site menu.</p>",
		"client" : "Stereos",
		"url" : "",
		"photos" : ["images/portfolio/img/3.jpg","images/portfolio/img/4.jpg","images/portfolio/img/5.jpg","images/portfolio/img/6.jpg","images/portfolio/img/7.jpg"]
	},
	"4" : {
		"title" : "Personal Identity Design",
		"description" : "<p>Clean and bright mock-up to showcase your projects in a very realistic and professional way.</p><p> The best way to present your design and impress your client.</p>",
		"client" : "Mock Cup",
		"url" : "",
		"photos" : ["images/portfolio/img/4.jpg","images/portfolio/img/5.jpg","images/portfolio/img/6.jpg","images/portfolio/img/7.jpg","images/portfolio/img/8.jpg"]
	},
	"5" : {
		"title" : "Montea Travel Website",
		"description" : "<p>While developing the website, we focused on profitable presentation of company services, which are clearly displayed in the site menu.</p>",
		"client" : "Red Line",
		"url" : "",
		"photos" : ["images/portfolio/img/5.jpg","images/portfolio/img/6.jpg","images/portfolio/img/6.jpg","images/portfolio/img/7.jpg","images/portfolio/img/8.jpg"]
	},
	"6" : {
		"title" : "Business Card Mock-up",
		"description" : "<p>Clean and bright mock-up to showcase your projects in a very realistic and professional way.</p><p>The best way to present your design and impress your client.</p>",
		"client" : "Erick Malvin",
		"url" : "",
		"photos" : ["images/portfolio/img/6.jpg","images/portfolio/img/7.jpg","images/portfolio/img/8.jpg","images/portfolio/img/9.jpg","images/portfolio/img/10.jpg"]
	},
	"7" : {
		"title" : "Chinese Restaurant Logo",
		"description" : "<p>Creative logo, that will perfectly fit the requirements of successful business.</p><p>The best way to present your design and impress your client.</p>",
		"client" : "Mock-Up Book",
		"url" : "",
		"photos" : ["images/portfolio/img/7.jpg","images/portfolio/img/8.jpg","images/portfolio/img/9.jpg","images/portfolio/img/10.jpg","images/portfolio/img/11.jpg"]
	},
	"8" : {
		"title" : "Novelist Agency Website",
		"description" : "<p>While developing the website, we focused on profitable presentation of company services, which are clearly displayed in the site menu.</p>",
		"client" : "Mock-Up",
		"url" : "awdawdawdaw", 
		"photos" : ["images/portfolio/img/8.jpg","images/portfolio/img/9.jpg","images/portfolio/img/10.jpg","images/portfolio/img/11.jpg","images/portfolio/img/12.jpg"]
	},
	"9" : {
		"title" : "Fox Real Estate Agency",
		"description" : "<p>Effective website that will perfectly fit the requirements of successful business. The best way to present your design and impress your client.</p>",
		"client" : "Cupboard",
		"url" : "",
		"photos" : ["images/portfolio/img/9.jpg","images/portfolio/img/10.jpg","images/portfolio/img/11.jpg","images/portfolio/img/12.jpg","images/portfolio/img/13.jpg"]
	},
	"10" : {
		"title" : "Pearl Jewelry Website",
		"description" : "<p>While developing the website, we focused on profitable presentation of company services, which are clearly displayed in the site menu.</p>",
		"client" : "Magazine",
		"url" : "",
		"photos" : ["images/portfolio/img/10.jpg","images/portfolio/img/11.jpg","images/portfolio/img/12.jpg","images/portfolio/img/13.jpg","images/portfolio/img/14.jpg"]
	},
	"11" : {
		"title" : "Stationery Mock-up",
		"description" : "<p>Clean and bright mock-up to showcase your projects in a very realistic and professional way.</p> <p>The best way to present your design and impress your client.</p>",
		"client" : "New Level",
		"url" : "",
		"photos" : ["images/portfolio/img/11.jpg","images/portfolio/img/12.jpg","images/portfolio/img/13.jpg","images/portfolio/img/14.jpg","images/portfolio/img/15.jpg"]
	},
	"12" : {
		"title" : "Innovative Eco-design",
		"description" : "<p>Bright eco-design to showcase your projects in a very realistic and professional way.</p><p>The best way to present your design and impress your client.</p>",
		"client" : "Georg Shnider",
		"url" : "",
		"photos" : ["images/portfolio/img/12.jpg","images/portfolio/img/13.jpg","images/portfolio/img/14.jpg","images/portfolio/img/15.jpg","images/portfolio/img/16.jpg"]
	},
	"13" : {
		"title" : "Wonder Wharf Website",
		"description" : "<p>While developing the website, we focused on profitable presentation of company services, which are clearly displayed in the site menu.</p>",
		"client" : "Stereos",
		"url" : "",
		"photos" : ["images/portfolio/img/13.jpg","images/portfolio/img/14.jpg","images/portfolio/img/15.jpg","images/portfolio/img/16.jpg","images/portfolio/img/17.jpg"]
	},
	"14" : {
		"title" : "Personal Identity Design",
		"description" : "<p>Clean and bright mock-up to showcase your projects in a very realistic and professional way.</p><p> The best way to present your design and impress your client.</p>",
		"client" : "Mock Cup",
		"url" : "",
		"photos" : ["images/portfolio/img/14.jpg","images/portfolio/img/15.jpg","images/portfolio/img/16.jpg","images/portfolio/img/17.jpg","images/portfolio/img/18.jpg"]
	},
	"15" : {
		"title" : "Montea Travel Website",
		"description" : "<p>While developing the website, we focused on profitable presentation of company services, which are clearly displayed in the site menu.</p>",
		"client" : "Red Line",
		"url" : "",
		"photos" : ["images/portfolio/img/15.jpg","images/portfolio/img/16.jpg","images/portfolio/img/17.jpg","images/portfolio/img/18.jpg","images/portfolio/img/19.jpg"]
	},
	"16" : {
		"title" : "Business Card Mock-up",
		"description" : "<p>Clean and bright mock-up to showcase your projects in a very realistic and professional way.</p><p>The best way to present your design and impress your client.</p>",
		"client" : "Erick Malvin",
		"url" : "",
		"photos" : ["images/portfolio/img/16.jpg","images/portfolio/img/17.jpg","images/portfolio/img/18.jpg","images/portfolio/img/18.jpg","images/portfolio/img/19.jpg"]
	},
	"17" : {
		"title" : "Chinese Restaurant Logo",
		"description" : "<p>Creative logo, that will perfectly fit the requirements of successful business.</p><p>The best way to present your design and impress your client.</p>",
		"client" : "Mock-Up Book",
		"url" : "",
		"photos" : ["images/portfolio/img/17.jpg","images/portfolio/img/18.jpg","images/portfolio/img/19.jpg","images/portfolio/img/20.jpg","images/portfolio/img/21.jpg"]
	},
	"18" : {
		"title" : "Novelist Agency Website",
		"description" : "<p>While developing the website, we focused on profitable presentation of company services, which are clearly displayed in the site menu.</p>",
		"client" : "Mock-Up",
		"url" : "awdawdawdaw", 
		"photos" : ["images/portfolio/img/18.jpg","images/portfolio/img/19.jpg","images/portfolio/img/20.jpg","images/portfolio/img/21.jpg","images/portfolio/img/22.jpg"]
	},
	"19" : {
		"title" : "Fox Real Estate Agency",
		"description" : "<p>Effective website that will perfectly fit the requirements of successful business. The best way to present your design and impress your client.</p>",
		"client" : "Cupboard",
		"url" : "",
		"photos" : ["images/portfolio/img/19.jpg","images/portfolio/img/20.jpg","images/portfolio/img/21.jpg","images/portfolio/img/22.jpg","images/portfolio/img/23.jpg"]
	},
	"20" : {
		"title" : "Pearl Jewelry Website",
		"description" : "<p>While developing the website, we focused on profitable presentation of company services, which are clearly displayed in the site menu.</p>",
		"client" : "Magazine",
		"url" : "",
		"photos" : ["images/portfolio/img/20.jpg","images/portfolio/img/21.jpg","images/portfolio/img/22.jpg","images/portfolio/img/23.jpg","images/portfolio/img/24.jpg"]
	},
	"21" : {
		"title" : "Stationery Mock-up",
		"description" : "<p>Clean and bright mock-up to showcase your projects in a very realistic and professional way.</p> <p>The best way to present your design and impress your client.</p>",
		"client" : "New Level",
		"url" : "",
		"photos" : ["images/portfolio/img/21.jpg","images/portfolio/img/22.jpg","images/portfolio/img/23.jpg","images/portfolio/img/24.jpg","images/portfolio/img/1.jpg"]
	},
	"22" : {
		"title" : "Innovative Eco-design",
		"description" : "<p>Bright eco-design to showcase your projects in a very realistic and professional way.</p><p>The best way to present your design and impress your client.</p>",
		"client" : "Georg Shnider",
		"url" : "",
		"photos" : ["images/portfolio/img/22.jpg","images/portfolio/img/23.jpg","images/portfolio/img/24.jpg","images/portfolio/img/1.jpg","images/portfolio/img/2.jpg"]
	},
	"23" : {
		"title" : "Wonder Wharf Website",
		"description" : "<p>While developing the website, we focused on profitable presentation of company services, which are clearly displayed in the site menu.</p>",
		"client" : "Stereos",
		"url" : "",
		"photos" : ["images/portfolio/img/23.jpg","images/portfolio/img/24.jpg","images/portfolio/img/1.jpg","images/portfolio/img/2.jpg","images/portfolio/img/3.jpg"]
	},
	"24" : {
		"title" : "Personal Identity Design",
		"description" : "<p>Clean and bright mock-up to showcase your projects in a very realistic and professional way.</p><p> The best way to present your design and impress your client.</p>",
		"client" : "Mock Cup",
		"url" : "",
		"photos" : ["images/portfolio/img/24.jpg","images/portfolio/img/1.jpg","images/portfolio/img/2.jpg","images/portfolio/img/3.jpg","images/portfolio/img/4.jpg"]
	}
}